<?xmxgl version="1.0" encoding="UTF-8" ?>
<!DOCTYPE mapper PUBLIC "-//mybatis.org//DTD Mapper 3.0//EN" "http://mybatis.org/dtd/mybatis-3-mapper.dtd" >
<mapper
        namespace="com.vfts.user.service.dao.IBizUserMapper">
    <resultMap
            type="com.vfts.user.entity.UserEntity"
            id="userMapping">
        <result column="uuid" property="uuid" />
        <result column="userName" property="userName" />
        <result column="pwd" property="pwd" />
        <result column="payPwd" property="userPayPwd" />
        <result column="questionIndex" property="questionIndex" />
        <result column="answer" property="answer" />

    </resultMap>

    <sql id="tableName">FRAMEWORK_USER</sql>

    <sql id="base_columns">
		uuid,userName,pwd,userPayPwd,questionIndex,answer
	</sql>

    <!--getUserByUuid-->
    <select id="getUserByUuid"  resultMap="userMapping">
        select <include refid="base_columns" />
        from <include refid="tableName" />
        where uuid = #{uuid,jdbcType=VARCHAR}
    </select>

    <!--getUserByUsernameAndPwd-->
//      TODO

    <!--listAllUsers-->
    <select id="listAllUsers" resultMap="userMapping">
        select *
        from <include refid="tableName" />
    </select>


<!--    <select id="getByIds"  resultMap="userMapping">
        select <include refid="base_columns" />
        from <include refid="tableName" />
        WHERE id in
        <foreach collection="ids" item="item" open="(" close=")" index="index" separator=",">
            #{item,jdbcType=VARCHAR}
        </foreach>
    </select>-->
<!--    <select id="getByCode"  resultMap="userMapping">
        select <include refid="base_columns" />
        from <include refid="tableName" />
        where code = #{code,jdbcType=VARCHAR}
    </select>-->
<!--    <delete id="deleteUsersOfGroup" >
        delete from <include refid="userGroupRelationTableName"/>
        where user_id=#{userId,jdbcType=VARCHAR} and group_id=#{groupId,jdbcType=VARCHAR}
    </delete>-->


    <!--createUser-->
    <insert id="createUser" parameterType="com.vfts.user.entity.UserEntity">
        INSERT INTO <include refid="tableName" />
        ( <include refid="base_columns" />)
	    values(
	        #{id,jdbcType=VARCHAR},
	        #{name,jdbcType=VARCHAR},
	        #{code,jdbcType=VARCHAR},
	        #{email,jdbcType=VARCHAR},
	        #{phoneNumber,jdbcType=VARCHAR},
	        #{description,jdbcType=VARCHAR},
        )
    </insert>

    <!--updateUser-->
    <insert id="updateUser" parameterType="com.vfts.user.entity.UserEntity">
//      TODO
    </insert>

    <!--deleteUser-->
//      TODO

    <!--updateSecurityQuestion-->
//      TODO

</mapper>